{"cameraMode":{"drawMode":0,"name":"Shaded","section":"Shading Mode"},"sceneLighting":true,"audioPlay":false,"sceneViewState":{"showFog":true,"showMaterialUpdate":false,"showSkybox":true,"showFlares":true,"showImageEffects":true,"showParticleSystems":true,"showVisualEffectGraphs":true,"m_FxEnabled":true},"in2DMode":false,"pivot":{"x":-126.4642333984375,"y":76.17164611816406,"z":6.126136779785156},"rotation":{"x":0.005967528093606234,"y":0.9458140730857849,"z":-0.3242920935153961,"w":0.017299698665738107},"size":191.83529663085938,"orthographic":false}