{"cameraMode":{"drawMode":0,"name":"Shaded","section":"Shading Mode"},"sceneLighting":true,"audioPlay":false,"sceneViewState":{"showFog":true,"showMaterialUpdate":false,"showSkybox":true,"showFlares":true,"showImageEffects":true,"showParticleSystems":true,"showVisualEffectGraphs":true,"m_FxEnabled":true},"in2DMode":false,"pivot":{"x":3.9354300498962404,"y":0.42679357528686526,"z":-0.45099198818206789},"rotation":{"x":0.1471957415342331,"y":-0.6888530850410461,"z":0.1459716409444809,"w":0.6946739554405212},"size":3.481746196746826,"orthographic":false}