{"cameraMode":{"drawMode":0,"name":"Shaded","section":"Shading Mode"},"sceneLighting":true,"audioPlay":false,"sceneViewState":{"showFog":true,"showMaterialUpdate":false,"showSkybox":true,"showFlares":true,"showImageEffects":true,"showParticleSystems":true,"showVisualEffectGraphs":true,"m_FxEnabled":true},"in2DMode":false,"pivot":{"x":-1.0956926345825196,"y":2.080233097076416,"z":8.460111618041993},"rotation":{"x":0.006877771113067865,"y":0.7731532454490662,"z":-0.008339586667716504,"w":0.6342024803161621},"size":7.121802806854248,"orthographic":false}