{"cameraMode":{"drawMode":0,"name":"Shaded","section":"Shading Mode"},"sceneLighting":true,"audioPlay":false,"sceneViewState":{"showFog":true,"showMaterialUpdate":false,"showSkybox":true,"showFlares":true,"showImageEffects":true,"showParticleSystems":true,"showVisualEffectGraphs":true,"m_FxEnabled":true},"in2DMode":false,"pivot":{"x":-71.23503112792969,"y":86.74995422363281,"z":29.196998596191408},"rotation":{"x":0.18791303038597108,"y":-0.054203253239393237,"z":0.010252526961266995,"w":0.9806976914405823},"size":76.54998779296875,"orthographic":false}