{"cameraMode":{"drawMode":0,"name":"Shaded","section":"Shading Mode"},"sceneLighting":true,"audioPlay":false,"sceneViewState":{"showFog":true,"showMaterialUpdate":false,"showSkybox":true,"showFlares":true,"showImageEffects":true,"showParticleSystems":true,"showVisualEffectGraphs":true,"m_FxEnabled":true},"in2DMode":false,"pivot":{"x":-0.5887286067008972,"y":0.08333331346511841,"z":0.8756229877471924},"rotation":{"x":0.18791303038597108,"y":-0.054203253239393237,"z":0.010252526961266995,"w":0.9806976914405823},"size":6.012436389923096,"orthographic":false}