{"cameraMode":{"drawMode":0,"name":"Shaded","section":"Shading Mode"},"sceneLighting":true,"audioPlay":false,"sceneViewState":{"showFog":true,"showMaterialUpdate":false,"showSkybox":true,"showFlares":true,"showImageEffects":true,"showParticleSystems":true,"showVisualEffectGraphs":true,"m_FxEnabled":true},"in2DMode":false,"pivot":{"x":-80.47075653076172,"y":20.928184509277345,"z":135.46005249023438},"rotation":{"x":0.008974257856607437,"y":0.8321259021759033,"z":0.013475063256919384,"w":-0.554385781288147},"size":63.67449951171875,"orthographic":false}