{"cameraMode":{"drawMode":0,"name":"Shaded","section":"Shading Mode"},"sceneLighting":true,"audioPlay":false,"sceneViewState":{"showFog":true,"showMaterialUpdate":false,"showSkybox":true,"showFlares":true,"showImageEffects":true,"showParticleSystems":true,"showVisualEffectGraphs":true,"m_FxEnabled":true},"in2DMode":false,"pivot":{"x":0.6482909917831421,"y":-0.30934691429138186,"z":2.2439303398132326},"rotation":{"x":-0.03445957601070404,"y":-0.965628445148468,"z":0.1790081262588501,"w":-0.18558290600776673},"size":185.76609802246095,"orthographic":false}