{"cameraMode":{"drawMode":0,"name":"Shaded","section":"Shading Mode"},"sceneLighting":true,"audioPlay":false,"sceneViewState":{"showFog":true,"showMaterialUpdate":false,"showSkybox":true,"showFlares":true,"showImageEffects":true,"showParticleSystems":true,"showVisualEffectGraphs":true,"m_FxEnabled":true},"in2DMode":false,"pivot":{"x":-0.005370616912841797,"y":-0.5819001197814941,"z":2.1456971168518068},"rotation":{"x":0.18791303038597108,"y":-0.054203253239393237,"z":0.010252526961266995,"w":0.9806976914405823},"size":28.28310203552246,"orthographic":false}