{"cameraMode":{"drawMode":0,"name":"Shaded","section":"Shading Mode"},"sceneLighting":true,"audioPlay":false,"sceneViewState":{"showFog":true,"showMaterialUpdate":false,"showSkybox":true,"showFlares":true,"showImageEffects":true,"showParticleSystems":true,"showVisualEffectGraphs":true,"m_FxEnabled":true},"in2DMode":false,"pivot":{"x":-61.89774703979492,"y":47.57962417602539,"z":46.867557525634769},"rotation":{"x":0.2845782935619354,"y":0.16039179265499116,"z":-0.048368435353040698,"w":0.9439607262611389},"size":176.38719177246095,"orthographic":false}