{"cameraMode":{"drawMode":0,"name":"Shaded","section":"Shading Mode"},"sceneLighting":false,"audioPlay":false,"sceneViewState":{"showFog":true,"showMaterialUpdate":false,"showSkybox":false,"showFlares":true,"showImageEffects":true,"showParticleSystems":true,"showVisualEffectGraphs":true,"m_FxEnabled":true},"in2DMode":false,"pivot":{"x":-1.6200000047683716,"y":0.8392733335494995,"z":6.039999961853027},"rotation":{"x":-0.19844891130924226,"y":-0.018526526167988778,"z":0.003751405281946063,"w":-0.9799380898475647},"size":1.3118118047714234,"orthographic":false}