{"cameraMode":{"drawMode":0,"name":"Shaded","section":"Shading Mode"},"sceneLighting":false,"audioPlay":false,"sceneViewState":{"showFog":true,"showMaterialUpdate":false,"showSkybox":false,"showFlares":true,"showImageEffects":true,"showParticleSystems":true,"showVisualEffectGraphs":true,"m_FxEnabled":true},"in2DMode":false,"pivot":{"x":-3.5866222381591799,"y":-0.04896552488207817,"z":9.18887996673584},"rotation":{"x":-0.023038750514388086,"y":0.31883516907691958,"z":-0.007750287186354399,"w":-0.9475113749504089},"size":4.987515449523926,"orthographic":false}