{"cameraMode":{"drawMode":0,"name":"Shaded","section":"Shading Mode"},"sceneLighting":true,"audioPlay":false,"sceneViewState":{"showFog":true,"showMaterialUpdate":false,"showSkybox":true,"showFlares":true,"showImageEffects":true,"showParticleSystems":true,"showVisualEffectGraphs":true,"m_FxEnabled":true},"in2DMode":false,"pivot":{"x":0.518498420715332,"y":0.30603551864624026,"z":-0.7327189445495606},"rotation":{"x":-0.016400130465626718,"y":0.9809658527374268,"z":-0.16819733381271363,"w":-0.09565030038356781},"size":4.207394599914551,"orthographic":false}