{"cameraMode":{"drawMode":0,"name":"Shaded","section":"Shading Mode"},"sceneLighting":true,"audioPlay":false,"sceneViewState":{"showFog":true,"showMaterialUpdate":false,"showSkybox":true,"showFlares":true,"showImageEffects":true,"showParticleSystems":true,"showVisualEffectGraphs":true,"m_FxEnabled":true},"in2DMode":false,"pivot":{"x":-2.740602493286133,"y":3.7435851097106935,"z":0.3567148447036743},"rotation":{"x":-0.002314722165465355,"y":-0.7155476808547974,"z":0.0023653777316212656,"w":-0.6985699534416199},"size":8.692439079284668,"orthographic":false}