{"cameraMode":{"drawMode":0,"name":"Shaded","section":"Shading Mode"},"sceneLighting":true,"audioPlay":false,"sceneViewState":{"showFog":true,"showMaterialUpdate":false,"showSkybox":true,"showFlares":true,"showImageEffects":true,"showParticleSystems":true,"showVisualEffectGraphs":true,"m_FxEnabled":true},"in2DMode":false,"pivot":{"x":-1.4627825021743775,"y":-0.3284077048301697,"z":1.2024104595184327},"rotation":{"x":-0.19844891130924226,"y":-0.018526526167988778,"z":0.003751405281946063,"w":-0.9799380898475647},"size":3.8001105785369875,"orthographic":false}