{"cameraMode":{"drawMode":0,"name":"Shaded","section":"Shading Mode"},"sceneLighting":true,"audioPlay":false,"sceneViewState":{"showFog":true,"showMaterialUpdate":false,"showSkybox":true,"showFlares":true,"showImageEffects":true,"showParticleSystems":true,"showVisualEffectGraphs":true,"m_FxEnabled":true},"in2DMode":false,"pivot":{"x":-0.5916547179222107,"y":0.5046489238739014,"z":-0.16751837730407716},"rotation":{"x":0.20287808775901795,"y":-0.017257947474718095,"z":0.003914843313395977,"w":0.9791654944419861},"size":1.7269906997680665,"orthographic":false}