{"cameraMode":{"drawMode":0,"name":"Shaded","section":"Shading Mode"},"sceneLighting":false,"audioPlay":false,"sceneViewState":{"showFog":true,"showMaterialUpdate":false,"showSkybox":false,"showFlares":true,"showImageEffects":true,"showParticleSystems":true,"showVisualEffectGraphs":true,"m_FxEnabled":true},"in2DMode":false,"pivot":{"x":-0.03351234644651413,"y":-0.9151617884635925,"z":2.3024826049804689},"rotation":{"x":0.18819832801818849,"y":-0.005530333612114191,"z":0.0013891910202801228,"w":0.9822332859039307},"size":3.42626953125,"orthographic":false}