{"cameraMode":{"drawMode":0,"name":"Shaded","section":"Shading Mode"},"sceneLighting":false,"audioPlay":false,"sceneViewState":{"showFog":true,"showMaterialUpdate":false,"showSkybox":false,"showFlares":true,"showImageEffects":true,"showParticleSystems":true,"showVisualEffectGraphs":true,"m_FxEnabled":true},"in2DMode":false,"pivot":{"x":-0.15001237392425538,"y":-1.9236626625061036,"z":-5.146313190460205},"rotation":{"x":0.008260432630777359,"y":0.991827666759491,"z":-0.10180540382862091,"w":0.07746777683496475},"size":0.04622497409582138,"orthographic":false}