{"cameraMode":{"drawMode":0,"name":"Shaded","section":"Shading Mode"},"sceneLighting":false,"audioPlay":false,"sceneViewState":{"showFog":true,"showMaterialUpdate":false,"showSkybox":false,"showFlares":true,"showImageEffects":true,"showParticleSystems":true,"showVisualEffectGraphs":true,"m_FxEnabled":true},"in2DMode":false,"pivot":{"x":-0.7940294146537781,"y":0.9350101947784424,"z":-12.324226379394532},"rotation":{"x":0.09467315673828125,"y":-0.004138592630624771,"z":0.0006693927571177483,"w":0.995575487613678},"size":0.7325907945632935,"orthographic":false}