{"cameraMode":{"drawMode":0,"name":"Shaded","section":"Shading Mode"},"sceneLighting":false,"audioPlay":false,"sceneViewState":{"showFog":true,"showMaterialUpdate":false,"showSkybox":false,"showFlares":true,"showImageEffects":true,"showParticleSystems":true,"showVisualEffectGraphs":true,"m_FxEnabled":true},"in2DMode":false,"pivot":{"x":0.10808864235877991,"y":0.6176754832267761,"z":0.23040413856506349},"rotation":{"x":0.013082287274301052,"y":-0.9869693517684937,"z":0.11630962789058685,"w":0.11060627549886704},"size":0.7325908541679382,"orthographic":false}