{"cameraMode":{"drawMode":0,"name":"Shaded","section":"Shading Mode"},"sceneLighting":true,"audioPlay":false,"sceneViewState":{"showFog":true,"showMaterialUpdate":false,"showSkybox":true,"showFlares":true,"showImageEffects":true,"showParticleSystems":true,"showVisualEffectGraphs":true,"m_FxEnabled":true},"in2DMode":false,"pivot":{"x":0.5733835697174072,"y":-0.18625640869140626,"z":-0.39571845531463625},"rotation":{"x":-0.2248709499835968,"y":0.0005824872641824186,"z":-0.0001344442571280524,"w":-0.9743911027908325},"size":1.664170742034912,"orthographic":false}