{"cameraMode":{"drawMode":0,"name":"Shaded","section":"Shading Mode"},"sceneLighting":true,"audioPlay":false,"sceneViewState":{"showFog":true,"showMaterialUpdate":false,"showSkybox":true,"showFlares":true,"showImageEffects":true,"showParticleSystems":true,"showVisualEffectGraphs":true,"m_FxEnabled":true},"in2DMode":false,"pivot":{"x":-1.0417438745498658,"y":2.3891079425811769,"z":-5.236288070678711},"rotation":{"x":-0.2248709499835968,"y":0.0005824872641824186,"z":-0.0001344442571280524,"w":-0.9743911027908325},"size":3.2600114345550539,"orthographic":false}