{"cameraMode":{"drawMode":0,"name":"Shaded","section":"Shading Mode"},"sceneLighting":true,"audioPlay":false,"sceneViewState":{"showFog":true,"showMaterialUpdate":false,"showSkybox":true,"showFlares":true,"showImageEffects":true,"showParticleSystems":true,"showVisualEffectGraphs":true,"m_FxEnabled":true},"in2DMode":false,"pivot":{"x":-0.6670674085617065,"y":0.2888006567955017,"z":-0.2211109697818756},"rotation":{"x":0.2202712446451187,"y":0.22446021437644959,"z":-0.05206530541181564,"w":0.9478782415390015},"size":1.5668585300445557,"orthographic":false}