{"cameraMode":{"drawMode":0,"name":"Shaded","section":"Shading Mode"},"sceneLighting":true,"audioPlay":false,"sceneViewState":{"showFog":true,"showMaterialUpdate":false,"showSkybox":true,"showFlares":true,"showImageEffects":true,"showParticleSystems":true,"showVisualEffectGraphs":true,"m_FxEnabled":true},"in2DMode":false,"pivot":{"x":0.8098081350326538,"y":-0.03357699513435364,"z":0.5673867464065552},"rotation":{"x":0.3547695279121399,"y":-0.05466078594326973,"z":0.02076665684580803,"w":0.9331436157226563},"size":2.4109301567077638,"orthographic":false}