{"cameraMode":{"drawMode":0,"name":"Shaded","section":"Shading Mode"},"sceneLighting":true,"audioPlay":false,"sceneViewState":{"showFog":true,"showMaterialUpdate":false,"showSkybox":true,"showFlares":true,"showImageEffects":true,"showParticleSystems":true,"showVisualEffectGraphs":true,"m_FxEnabled":true},"in2DMode":false,"pivot":{"x":-0.193221777677536,"y":0.08737426996231079,"z":0.9030107259750366},"rotation":{"x":0.09800359606742859,"y":0.22633732855319978,"z":-0.022891776636242868,"w":0.9688594341278076},"size":1.5109302997589112,"orthographic":false}