{"cameraMode":{"drawMode":0,"name":"Shaded","section":"Shading Mode"},"sceneLighting":true,"audioPlay":false,"sceneViewState":{"showFog":true,"showMaterialUpdate":false,"showSkybox":true,"showFlares":true,"showImageEffects":true,"showParticleSystems":true,"showVisualEffectGraphs":true,"m_FxEnabled":true},"in2DMode":false,"pivot":{"x":-0.7700777053833008,"y":0.8071491718292236,"z":0.8624849319458008},"rotation":{"x":0.03778933733701706,"y":-0.02398139052093029,"z":0.0009679797221906483,"w":0.9990304708480835},"size":5.547215461730957,"orthographic":false}