{"cameraMode":{"drawMode":0,"name":"Shaded","section":"Shading Mode"},"sceneLighting":true,"audioPlay":false,"sceneViewState":{"showFog":true,"showMaterialUpdate":false,"showSkybox":true,"showFlares":true,"showImageEffects":true,"showParticleSystems":true,"showVisualEffectGraphs":true,"m_FxEnabled":true},"in2DMode":false,"pivot":{"x":-0.5150752663612366,"y":0.3997057378292084,"z":-0.4190732538700104},"rotation":{"x":0.2202712446451187,"y":0.22446021437644959,"z":-0.05206530541181564,"w":0.9478782415390015},"size":0.4672708511352539,"orthographic":false}