{"cameraMode":{"drawMode":0,"name":"Shaded","section":"Shading Mode"},"sceneLighting":true,"audioPlay":false,"sceneViewState":{"showFog":true,"showMaterialUpdate":false,"showSkybox":true,"showFlares":true,"showImageEffects":true,"showParticleSystems":true,"showVisualEffectGraphs":true,"m_FxEnabled":true},"in2DMode":false,"pivot":{"x":-3.129423141479492,"y":1.2483516931533814,"z":0.7825851440429688},"rotation":{"x":0.03778933733701706,"y":-0.02398139052093029,"z":0.0009679797221906483,"w":0.9990304708480835},"size":7.200830936431885,"orthographic":false}