{"cameraMode":{"drawMode":0,"name":"Shaded","section":"Shading Mode"},"sceneLighting":true,"audioPlay":false,"sceneViewState":{"showFog":true,"showMaterialUpdate":false,"showSkybox":true,"showFlares":true,"showImageEffects":true,"showParticleSystems":true,"showVisualEffectGraphs":true,"m_FxEnabled":true},"in2DMode":false,"pivot":{"x":-0.03523838520050049,"y":-0.003499627113342285,"z":0.7793606519699097},"rotation":{"x":-0.09622494876384735,"y":0.4529760479927063,"z":-0.0492543950676918,"w":-0.8849466443061829},"size":1.2667601108551026,"orthographic":false}