{"cameraMode":{"drawMode":0,"name":"Shaded","section":"Shading Mode"},"sceneLighting":false,"audioPlay":false,"sceneViewState":{"showFog":true,"showMaterialUpdate":false,"showSkybox":false,"showFlares":true,"showImageEffects":true,"showParticleSystems":true,"showVisualEffectGraphs":true,"m_FxEnabled":true},"in2DMode":false,"pivot":{"x":-1.0108332633972169,"y":-1.5652872323989869,"z":0.37732839584350588},"rotation":{"x":0.06963024288415909,"y":0.8878244161605835,"z":-0.14254863560199738,"w":0.43209826946258547},"size":3.448988914489746,"orthographic":false}