{"cameraMode":{"drawMode":0,"name":"Shaded","section":"Shading Mode"},"sceneLighting":true,"audioPlay":false,"sceneViewState":{"showFog":true,"showMaterialUpdate":false,"showSkybox":true,"showFlares":true,"showImageEffects":true,"showParticleSystems":true,"showVisualEffectGraphs":true,"m_FxEnabled":true},"in2DMode":false,"pivot":{"x":-1.3304617404937745,"y":1.3409945964813233,"z":-1.8233213424682618},"rotation":{"x":0.11314719170331955,"y":-0.011922646313905716,"z":0.001357832457870245,"w":0.9935065507888794},"size":1.0961921215057374,"orthographic":false}