{"cameraMode":{"drawMode":0,"name":"Shaded","section":"Shading Mode"},"sceneLighting":true,"audioPlay":false,"sceneViewState":{"showFog":true,"showMaterialUpdate":false,"showSkybox":true,"showFlares":true,"showImageEffects":true,"showParticleSystems":true,"showVisualEffectGraphs":true,"m_FxEnabled":true},"in2DMode":false,"pivot":{"x":-1.7142956256866456,"y":0.9666862487792969,"z":2.5063958168029787},"rotation":{"x":-0.04493880644440651,"y":-0.12494689971208573,"z":0.0056676194071769718,"w":-0.991136908531189},"size":2.4642233848571779,"orthographic":false}