{"cameraMode":{"drawMode":0,"name":"Shaded","section":"Shading Mode"},"sceneLighting":true,"audioPlay":false,"sceneViewState":{"showFog":true,"showMaterialUpdate":false,"showSkybox":true,"showFlares":true,"showImageEffects":true,"showParticleSystems":true,"showVisualEffectGraphs":true,"m_FxEnabled":true},"in2DMode":false,"pivot":{"x":120.477783203125,"y":209.6451873779297,"z":66.13449096679688},"rotation":{"x":-0.11073757708072663,"y":-0.024742061272263528,"z":-0.0027587160002440216,"w":0.9935349225997925},"size":209.66514587402345,"orthographic":false}