{"cameraMode":{"drawMode":0,"name":"Shaded","section":"Shading Mode"},"sceneLighting":true,"audioPlay":false,"sceneViewState":{"showFog":true,"showMaterialUpdate":false,"showSkybox":true,"showFlares":true,"showImageEffects":true,"showParticleSystems":true,"showVisualEffectGraphs":true,"m_FxEnabled":true},"in2DMode":false,"pivot":{"x":0.04834526777267456,"y":1.7506998777389527,"z":8.894286155700684},"rotation":{"x":-0.03410813957452774,"y":-0.3416464328765869,"z":0.012430024333298207,"w":-0.9391448497772217},"size":2.4642233848571779,"orthographic":false}