{"cameraMode":{"drawMode":0,"name":"Shaded","section":"Shading Mode"},"sceneLighting":true,"audioPlay":false,"sceneViewState":{"showFog":true,"showMaterialUpdate":false,"showSkybox":true,"showFlares":true,"showImageEffects":true,"showParticleSystems":true,"showVisualEffectGraphs":true,"m_FxEnabled":true},"in2DMode":false,"pivot":{"x":-0.39617037773132326,"y":-0.20304608345031739,"z":8.108650207519532},"rotation":{"x":-0.16763655841350556,"y":-0.6098852753639221,"z":0.13402970135211945,"w":-0.7628891468048096},"size":4.264223098754883,"orthographic":false}