{"cameraMode":{"drawMode":0,"name":"Shaded","section":"Shading Mode"},"sceneLighting":true,"audioPlay":false,"sceneViewState":{"showFog":true,"showMaterialUpdate":false,"showSkybox":true,"showFlares":true,"showImageEffects":true,"showParticleSystems":true,"showVisualEffectGraphs":true,"m_FxEnabled":true},"in2DMode":false,"pivot":{"x":0.06514501571655274,"y":1.4054977893829346,"z":6.800969123840332},"rotation":{"x":0.12713906168937684,"y":0.49117860198020937,"z":-0.0727280005812645,"w":0.8586539030075073},"size":13.86319351196289,"orthographic":false}