{"cameraMode":{"drawMode":0,"name":"Shaded","section":"Shading Mode"},"sceneLighting":true,"audioPlay":false,"sceneViewState":{"showFog":true,"showMaterialUpdate":false,"showSkybox":true,"showFlares":true,"showImageEffects":true,"showParticleSystems":true,"showVisualEffectGraphs":true,"m_FxEnabled":true},"in2DMode":false,"pivot":{"x":-0.8570916652679443,"y":3.026657819747925,"z":1.3713626861572266},"rotation":{"x":-0.016808776184916498,"y":-0.0039017891976982357,"z":0.00017718112212605774,"w":-0.9999014139175415},"size":5.095593452453613,"orthographic":false}