{"cameraMode":{"drawMode":0,"name":"Shaded","section":"Shading Mode"},"sceneLighting":true,"audioPlay":false,"sceneViewState":{"showFog":true,"showMaterialUpdate":false,"showSkybox":true,"showFlares":true,"showImageEffects":true,"showParticleSystems":true,"showVisualEffectGraphs":true,"m_FxEnabled":true},"in2DMode":false,"pivot":{"x":1.5031827688217164,"y":1.48282790184021,"z":1.5869436264038087},"rotation":{"x":0.18836677074432374,"y":0.25791195034980776,"z":-0.051342204213142398,"w":0.9462394118309021},"size":2.552584409713745,"orthographic":false}