{"cameraMode":{"drawMode":0,"name":"Shaded","section":"Shading Mode"},"sceneLighting":false,"audioPlay":false,"sceneViewState":{"showFog":true,"showMaterialUpdate":false,"showSkybox":false,"showFlares":true,"showImageEffects":true,"showParticleSystems":true,"showVisualEffectGraphs":true,"m_FxEnabled":true},"in2DMode":false,"pivot":{"x":0.24400000274181367,"y":-0.004420876037329435,"z":-0.3700000047683716},"rotation":{"x":-0.19538944959640504,"y":0.7920122742652893,"z":-0.3232683539390564,"w":-0.4797894358634949},"size":0.08079028129577637,"orthographic":false}